{
    "difficulty": 0.5120510458946228,
    "past_score": 0.24144577980041504,
    "remaining_gap": 0.12353742122650146,
    "hours_spent": 0.0004467936814762652,
    "revision_count": 0.0004603661654982716,
    "days_to_exam": 0.000437887036241591,
    "confidence": 0.00038196079549379647,
    "predicted_minutes": 0.12123871594667435
}